位号,原型号,状态,立创编号,目录型号,厂家,目录封装,库数据状态,编号集合一致,核验边界
F_HALL,0467.250NR,型号精确匹配,C99556,0467.250NR,Littelfuse,0603,已下载原始符号和封装,True,原查询库复用；新增型号须在线查询
"J_BAT_1,J_BAT_2,J_MOTOR_1,J_MOTOR_2,J_MOTOR_3,J_DUMP_1,J_DUMP_2,J_DUMP_1_B,J_DUMP_2_B",1055644,本接口未检出,,,,,未获取,False,原查询库复用；新增型号须在线查询
"S_THERM,S_BTHERM",67L080P,型号精确匹配,C17231657,67L080P,Sensata Tech,TO-220-2,已下载原始符号和封装,True,原查询库复用；新增型号须在线查询
"J_FAN,J_ESTOP,J_DUMP_TH,J_BMS,J_NTC,J_AUXBAT_IN,J_AUXBUS_IN,J_COIL,J_DUMP_TH_B,J_MOD15_IN,J_MAIN12_IN,J_MOD5_IN,J_BACKUP_AUX_IN,J_COIL_AUX_IN,J_AUX_OR_OUT",B2B-XH-A(LF)(SN),型号精确匹配,C158012,B2B-XH-A(LF)(SN),JST,"Plugin,P=2.5mm",已下载原始符号和封装,True,原查询库复用；新增型号须在线查询
J_SC_AUX_IN,B2P-VH(LF)(SN),型号精确匹配,C160315,B2P-VH(LF)(SN),JST,"Plugin,P=3.96mm",已下载原始符号和封装,True,原查询库复用；新增型号须在线查询
J_CAN,B4B-XH-A(LF)(SN),型号精确匹配,C144395,B4B-XH-A(LF)(SN),JST,"Plugin,P=2.5mm",已下载原始符号和封装,True,原查询库复用；新增型号须在线查询
NTC1,B57560G1103G000,型号精确匹配,C17318919,B57560G1103G000,TDK,-,未取得,False,原查询库复用；新增型号须在线查询
J_HALL,B5B-XH-A(LF)(SN),型号精确匹配,C157991,B5B-XH-A(LF)(SN),JST,"Plugin,P=2.5mm",已下载原始符号和封装,True,原查询库复用；新增型号须在线查询
"DOCP_AH,DOCP_AL,DOCP_BH,DOCP_BL,DOCP_CH,DOCP_CL,D_VBH,D_VBL,D_RDY,D_NRST","BAT54H,115",型号精确匹配,C426769,"BAT54H,115",Nexperia,SOD-123F,已下载原始符号和封装,True,原查询库复用；新增型号须在线查询
"DGS1,DGS2,DGS3,DGS4,DGS5,DGS6,DGS7,DGS8,DGS9,DGS10,DGS11,DGS12,DGS13,D_COIL_GS,DGS13_B,D_SC_GBIAS_GS","BZT52H-C15,115",型号精确匹配,C454949,"BZT52H-C15,115",Nexperia,SOD-123F,已下载原始符号和封装,True,原查询库复用；新增型号须在线查询
"C_DUMP_F,C_OV,C_UV,C_PREBAT,C_PREBUS,C_DUMP_F_B,C_OV_B,C_VM15_UV,C_BACKUP_MON_UV,C_BACKUP_MON_OV,C_MAIN_MON_OV,C_CAP_FAULT_SENSE,C_CAP_READY_SENSE",C0805C101J5GACTU,型号精确匹配,C2167185,C0805C101J5GACTU,KEMET,0805,已下载原始符号和封装,True,原查询库复用；新增型号须在线查询
"C_SC_RAMP1,C_SC_RAMP2",C0805C102F5GACTU,型号精确匹配,C2179373,C0805C102F5GACTU,KEMET,0805,未取得,False,原查询库复用；新增型号须在线查询
"CSN_U,CSN_V,CSN_W",C0805C102J2GACTU,本接口未检出,,,,,未获取,False,原查询库复用；新增型号须在线查询
"CADC_A,CADC_B,CADC_C,C_UV_B",C0805C102J5GACTU,型号精确匹配,C2167084,C0805C102J5GACTU,KEMET,0805,已下载原始符号和封装,True,原查询库复用；新增型号须在线查询
"C_BS,C_SC_CAP_SENSE,C_BRIDGE_DIFF",C0805C103K1RACTU,型号精确匹配,C2168813,C0805C103K1RACTU,KEMET,0805,未取得,False,原查询库复用；新增型号须在线查询
"C_ITH1,C_ITH2,C_BADC,C_NTC,C_RDY,C_RESET,C_SC_ISET,C_SC_CELL_FILT1,C_SC_CELL_FILT2,C_SC_CELL_FILT3,C_SC_CELL_FILT4,C_SC_CELL_FILT5,C_SC_CELL_FILT6,C_SC_CELL_FILT7,C_SC_CELL_FILT8,C_SC_TEMP1,C_SC_TEMP2,C_SC_TEMP3,C_SC_TEMP4,C_SC_TEMP5,C_BRIDGE_ADC",C0805C103K5RACTU,型号精确匹配,C2167345,C0805C103K5RACTU,KEMET,0805,已下载原始符号和封装,True,原查询库复用；新增型号须在线查询
"C_SC_AUX_IN2,C_SC_AFE_VP,C_BAT_BLOCK_OUT1,C_BAT_BLOCK_OUT2,C_EFUSE5_IN",C0805C104K1RACTU,型号精确匹配,C3151888,C0805C104K1RACTU,KEMET,0805,已下载原始符号和封装,True,原查询库复用；新增型号须在线查询
"C18,C22,COCP_A,COCP_B,COCP_C,C_INA,C_PWM_GATE,C_U8,C_U9,C_U10,C_U11,C_U12,C_REF_IN,C_DRV_D1,C_COMP,C_CAN1,C_CAN2,C_HLOGIC,C_WD_VDD,C_PRE_LOGIC,C_COIL_DRV1,C_REF_IN_B,C_DRV_D1_B,C_COMP_B,C_SC_5V_BOOT,C_SC_SS,C_SC_GBIAS_MON,C_SC_GBIAS_POR,C_SC_PORT_HV_HF,C_SC_PORT_LV_HF,C_SC_PORT_DRV,C_SC_CAP_CURRENT,C_SC_CAN_1,C_SC_CAN_2,C_SC_FAULT_BUF,C_BAT_BLOCK_VCAP1,C_BAT_BLOCK_VCAP2,C_BACKUP_MON_VDD,C_BRIDGE_VDD,C_MAIN_MON_VDD,C_EFUSE5_DVDT,C_EFUSE5_OUT,C_CAP_RX_MON,C_CAP_LATCH_CLR",C0805C104K5RACTU,型号精确匹配,C3018562,C0805C104K5RACTU,KEMET,0805,已下载原始符号和封装,True,原查询库复用；新增型号须在线查询
"CFAST_A,CFAST_B,CFAST_C,C_WD",C0805C221J5GACTU,型号精确匹配,C2169015,C0805C221J5GACTU,KEMET,0805,已下载原始符号和封装,True,原查询库复用；新增型号须在线查询
"C_DSN,C_DSN_B,C_SC_10V_BST",C0805C222J2GACTU,本接口未检出,,,,,未获取,False,原查询库复用；新增型号须在线查询
"C_BAT_BLOCK_IN1,C_BAT_BLOCK_IN2",C0805C223K1RACTU,型号精确匹配,C2178056,C0805C223K1RACTU,KEMET,0805,未取得,False,原查询库复用；新增型号须在线查询
C_SC_10V_RIP,C0805C332J1GACTU,型号精确匹配,C28982169,C0805C332J1GACTU,KEMET,0805,未取得,False,原查询库复用；新增型号须在线查询
"C_HA,C_HB,C_HC",C0805C471J5GACTU,型号精确匹配,C2170031,C0805C471J5GACTU,KEMET,0805,未取得,False,原查询库复用；新增型号须在线查询
"C_VB,C_SC_HV_ADC,C_SC_LV_ADC",C0805C472J5GACTU,型号精确匹配,C2170898,C0805C472J5GACTU,KEMET,0805,已下载原始符号和封装,True,原查询库复用；新增型号须在线查询
C16,C0805C473K1RACTU,型号精确匹配,C2174835,C0805C473K1RACTU,KEMET,0805,未取得,False,原查询库复用；新增型号须在线查询
C_SC_10V_FB,C0805C560J1GACTU,本接口未检出,,,,,未获取,False,原查询库复用；新增型号须在线查询
"C17,C20,C21,C_REF_NR,C_DRV_D2,C_COIL_DRV2,C_REF_NR_B,C_DRV_D2_B,C_SC_10V_OUT2,C_SC_5V_VCC,C_SC_VCCA,C_SC_AFE_VREG,C_SC_AFE_REF1,C_SC_AFE_REF2,C_SC_PORT_HV_IN,C_SC_PORT_HV_VDD,C_SC_PORT_LV_IN,C_SC_PORT_LV_VDD",C1206C105K5RACTU,型号精确匹配,C2167287,C1206C105K5RACTU,KEMET,1206,已下载原始符号和封装,True,原查询库复用；新增型号须在线查询
"C_SC_5V_OUT1,C_SC_5V_OUT2",C1206C226K8RACTU,型号精确匹配,C22415790,C1206C226K8RACTU,KEMET,1206,已下载原始符号和封装,True,原查询库复用；新增型号须在线查询
"R_DSN,R_DSN_B",CRCW251210R0FKEGHP,型号精确匹配,C2073542,CRCW251210R0FKEGHP,Vishay Intertech,2512,未取得,False,原查询库复用；新增型号须在线查询
"RSN_U,RSN_V,RSN_W,R_SC_G1H,R_SC_G1L,R_SC_BOOT1,R_SC_G2H,R_SC_G2L,R_SC_BOOT2",CRCW25122R20FKEGHP,型号精确匹配,C4168885,CRCW25122R20FKEGHP,Vishay Intertech,2512,已下载原始符号和封装,True,原查询库复用；新增型号须在线查询
"R_SC_PHASE1,R_SC_PHASE2",CSS4J-4026R-1L00F,型号精确匹配,C2076400,CSS4J-4026R-1L00F,BOURNS,4026,已下载原始符号和封装,False,原查询库复用；新增型号须在线查询
"R_BAT,R_BRIDGE",CSS4J-4026R-L200F,型号精确匹配,C6158365,CSS4J-4026R-L200F,BOURNS,"SMD,10.1x6.6mm",未取得,False,原查询库复用；新增型号须在线查询
"RSH_U,RSH_V,RSH_W,R_SC_CAP_CURRENT",CSS4J-4026R-L500F,型号精确匹配,C2076423,CSS4J-4026R-L500F,BOURNS,4026,未取得,False,原查询库复用；新增型号须在线查询
Q_SC_GBIAS_CUT,DMP6023LE-13,型号精确匹配,C154901,DMP6023LE-13,Diodes Incorporated,SOT-223,已下载原始符号和封装,False,原查询库复用；新增型号须在线查询
U3,DRV8353SRTAR,型号精确匹配,C701785,DRV8353SRTAR,Texas Instruments,WQFN-40-EP(6x6),已下载原始符号和封装,True,原查询库复用；新增型号须在线查询
C_SC_AUX_BULK,ESX226M100AH1AA,本接口未检出,,,,,未获取,False,原查询库复用；新增型号须在线查询
K2,G9EA-1-B DC12,本接口未检出,,,,,未获取,False,原查询库复用；新增型号须在线查询
"C_SC_BOOT1,C_SC_BOOT2",GRM31C5C1H224JE02L,型号精确匹配,C464977,GRM31C5C1H224JE02L,Murata Electronics,1206,已下载原始符号和封装,True,原查询库复用；新增型号须在线查询
"C19,C_REF_OUT,C_H5,C_REF_OUT_B,C_SC_5V_IN,C_SC_AFE_BIAS_IN",GRM31CR71E106KA12L,型号精确匹配,C77093,GRM31CR71E106KA12L,Murata Electronics,1206,已下载原始符号和封装,True,原查询库复用；新增型号须在线查询
"C_SC_AUX_IN1,C_SC_VCC,C_SC_AFE_BIAS_OUT",GRM32ER72A225KA35L,型号精确匹配,C86054,GRM32ER72A225KA35L,Murata Electronics,1210,已下载原始符号和封装,True,原查询库复用；新增型号须在线查询
S_ESTOP,HW1B-X401R-MAU,本接口未检出,,,,,未获取,False,原查询库复用；新增型号须在线查询
"U7,U_SC_CAP_CURRENT,U_BRIDGE_SENSE",INA241A2IDGKR,型号精确匹配,C36752877,INA241A2IDGKR,Texas Instruments,VSSOP-8,已下载原始符号和封装,True,原查询库复用；新增型号须在线查询
"Q1,Q2,Q3,Q4,Q5,Q6,Q7,Q8,Q9,Q10,Q11,Q12,Q13,Q_COIL,Q_BACKUP,Q_SC_HVA,Q_SC_HVB,Q_SC_LVA,Q_SC_LVB,Q_SC_1H,Q_SC_1L,Q_SC_2H,Q_SC_2L,Q_BAT_BLOCK1,Q_BAT_BLOCK2",IPT015N10N5ATMA1,型号精确匹配,C6419630,IPT015N10N5ATMA1,Infineon Technologies,HSOF-8,已下载原始符号和封装,False,原查询库复用；新增型号须在线查询
"F_AUXBAT,F_AUXBUS,F_BACKUP_AUX,F_COIL_AUX",KLKD001.T,型号精确匹配,C187689,KLKD001.T,Littelfuse,D10.31xL38.1mm,已下载原始符号和封装,True,原查询库复用；新增型号须在线查询
F_PRE,KLKD002.T,型号精确匹配,C142943,KLKD002.T,Littelfuse,-,未取得,False,原查询库复用；新增型号须在线查询
U_OVP5_CLAMP,LM4040A30IDBZR,型号精确匹配,C9409,LM4040A30IDBZR,Texas Instruments,SOT-23,已下载原始符号和封装,True,原查询库复用；新增型号须在线查询
U_SC_10V,LM5164DDAR,型号精确匹配,C477928,LM5164DDAR,Texas Instruments,SO-8-EP,已下载原始符号和封装,True,原查询库复用；新增型号须在线查询
U_SC_CTRL,LM5170PHPR,型号精确匹配,C2871575,LM5170PHPR,Texas Instruments,HTQFP-48(7x7),已下载原始符号和封装,True,原查询库复用；新增型号须在线查询
"U_BAT_BLOCK1,U_BAT_BLOCK2",LM74700QDBVRQ1,型号精确匹配,C2941042,LM74700QDBVRQ1,Texas Instruments,SOT-23-6,已下载原始符号和封装,True,原查询库复用；新增型号须在线查询
U_SC_5V,LMR33630ADDAR,型号精确匹配,C841384,LMR33630ADDAR,Texas Instruments,ESOP-8,已下载原始符号和封装,True,原查询库复用；新增型号须在线查询
"R_DUMP_BANK1,R_DUMP_BANK2,R_DUMP_BANK3,R_DUMP_BANK4,R_DUMP_BANK5,R_DUMP_BANK1_B,R_DUMP_BANK2_B,R_DUMP_BANK3_B,R_DUMP_BANK4_B,R_DUMP_BANK5_B",LPS0600H4R00JB,本接口未检出,,,,,未获取,False,原查询库复用；新增型号须在线查询
U_SC_AFE,LTC6811IG-1#PBF,型号精确匹配,C462695,LTC6811IG-1#PBF,Analog Devices,SSOP-48,未取得,False,原查询库复用；新增型号须在线查询
"J_CORE_P1,J_CORE_P2,J_SC_CORE_P1,J_SC_CORE_P2",M20-7831242,型号精确匹配,C6897547,M20-7831242,Harwin,"Plugin,P=2.54mm",未取得,False,原查询库复用；新增型号须在线查询
JP_TERM,M20-9990246,型号精确匹配,C3332353,M20-9990246,Harwin,"Plugin,P=2.54mm",已下载原始符号和封装,True,原查询库复用；新增型号须在线查询
FAN1,MF50151V1-B00U-A99,本接口未检出,,,,,未获取,False,原查询库复用；新增型号须在线查询
"Q14,Q16,Q_BTHERM,Q_SC_GBIAS_NPN",MMBT3904LT1G,型号精确匹配,C81464,MMBT3904LT1G,onsemi,SOT-23,已下载原始符号和封装,True,原查询库复用；新增型号须在线查询
L_SC_10V,MSS1210H-683MED,本接口未检出,,,,,未获取,False,原查询库复用；新增型号须在线查询
K1,OTDC100E02,本接口未检出,,,,,未获取,False,原查询库复用；新增型号须在线查询
"C_BUS1,C_BUS2,C_BUS3,C_BUS4,C_BUS5,C_BUS6,C_BUS7,C_BUS8",PEH200PD4470MU2,型号精确匹配,C1019629,PEH200PD4470MU2,KEMET,"Bolt,D36.6xL94.5mm",未取得,False,原查询库复用；新增型号须在线查询
D_CAN,"PESD2CAN,215",型号精确匹配,C75176,"PESD2CAN,215",Nexperia,SOT-23,已下载原始符号和封装,True,原查询库复用；新增型号须在线查询
"D_HA,D_HB,D_HC","PESD5V0S1BA,115",型号精确匹配,C19224,"PESD5V0S1BA,115",Nexperia,SOD-323,已下载原始符号和封装,True,原查询库复用；新增型号须在线查询
R_BLEED,PR02000204701JA100,型号精确匹配,C3009180,PR02000204701JA100,Vishay Intertech,"Plugin,D3.9xL10mm",未取得,False,原查询库复用；新增型号须在线查询
"CF_U,CF_V,CF_W,C_SC_HV_FILM1,C_SC_HV_FILM2",R76IR4220SE40J,本接口未检出,,,,,未获取,False,原查询库复用；新增型号须在线查询
"R_RDY,R_OCP_PD,R_DT_PD,R_DT_PD_B,R_SC_10V_EN,R_SC_10V_RON,R_SC_DIR,R_SC_GBIAS_GS,R_CAP_CLR_PD",RC0805FR-07100KL,型号精确匹配,C96346,RC0805FR-07100KL,YAGEO,0805,已下载原始符号和封装,True,原查询库复用；新增型号须在线查询
"RADC_A,RADC_B,RADC_C,R_BADC,R_SC_AFE_VP,R_SC_CELL_SENSE1,R_SC_CELL_SENSE2,R_SC_CELL_SENSE3,R_SC_CELL_SENSE4,R_SC_CELL_SENSE5,R_SC_CELL_SENSE6,R_SC_CELL_SENSE7,R_SC_CELL_SENSE8,R_SC_CELL_SENSE9,R_BRIDGE_ADC",RC0805FR-07100RL,型号精确匹配,C105577,RC0805FR-07100RL,YAGEO,0805,已下载原始符号和封装,True,原查询库复用；新增型号须在线查询
"R10,R11,R12,RPD_PWM_UH,RPD_PWM_UL,RPD_PWM_VH,RPD_PWM_VL,RPD_PWM_WH,RPD_PWM_WL,R13,R14,R_OCP_OR,R_PWM_PERMIT,R_DRV_EN,R_OCP_B,R_FAULT,R_DUMP_PU,R_DUMP_REF,RGS13,R_BMS,R_PRE_READY,R_COIL_GS,RGS13_B,R_DUMP_PU_B,R_DUMP_REF_B,R_SC_HV_GS,R_SC_LV_GS,R_SC_10V_PG,R_SC_5V_PG,R_SC_FAULT_PULL,R_SC_NOCHECK,R_SC_ISET_PD,R_SC_GS1H,R_SC_GS1L,R_SC_GS2H,R_SC_GS2L,R_SC_SPI_CS,R_SC_GBIAS_BASE,R_SC_PORT_INA_PD,R_SC_PORT_INB_PD,R_SC_PORT_DIS_PULL,R_SC_CAN_S,R_CAP_READY_PULL,RPD_IN_UH,RPD_IN_UL,RPD_IN_VH,RPD_IN_VL,RPD_IN_WH,RPD_IN_WL",RC0805FR-0710KL,型号精确匹配,C84376,RC0805FR-0710KL,YAGEO,0805,已下载原始符号和封装,True,既有完整型号库离线复用；门后六路候选制造未放行，未重新查询库存
"R_SC_PORT_HV_GATE,R_SC_PORT_LV_GATE",RC0805FR-0710RL,型号精确匹配,C96347,RC0805FR-0710RL,YAGEO,0805,已下载原始符号和封装,True,原查询库复用；新增型号须在线查询
R_SC_GBIAS_OK_PULL,RC0805FR-07150KL,型号精确匹配,C114558,RC0805FR-07150KL,YAGEO,0805,已下载原始符号和封装,True,原查询库复用；新增型号须在线查询
"RFAST_A,RFAST_B,RFAST_C,R_HSERA,R_HSERB,R_HSERC,R_SC_ISET",RC0805FR-071KL,型号精确匹配,C95781,RC0805FR-071KL,YAGEO,0805,已下载原始符号和封装,True,原查询库复用；新增型号须在线查询
"R_SC_AFE_WDT,R_SC_GBIAS_BASE_PD",RC0805FR-071ML,型号精确匹配,C107700,RC0805FR-071ML,YAGEO,0805,已下载原始符号和封装,True,原查询库复用；新增型号须在线查询
R_SC_BRKS,RC0805FR-0720KL,型号精确匹配,C114566,RC0805FR-0720KL,YAGEO,0805,已下载原始符号和封装,True,原查询库复用；新增型号须在线查询
R_SC_VCCA,RC0805FR-0724RL,型号精确匹配,C185291,RC0805FR-0724RL,YAGEO,0805,已下载原始符号和封装,True,原查询库复用；新增型号须在线查询
"R_SC_AFE_IBIAS,R_SC_AFE_ICMP",RC0805FR-072KL,型号精确匹配,C114572,RC0805FR-072KL,YAGEO,0805,已下载原始符号和封装,True,原查询库复用；新增型号须在线查询
R_SC_IPK,RC0805FR-0730K1L,型号精确匹配,C163407,RC0805FR-0730K1L,YAGEO,0805,已下载原始符号和封装,True,原查询库复用；新增型号须在线查询
R_SC_OSC,RC0805FR-0740K2L,型号精确匹配,C273827,RC0805FR-0740K2L,YAGEO,0805,已下载原始符号和封装,True,原查询库复用；新增型号须在线查询
R_SC_10V_RIP,RC0805FR-07453KL,型号精确匹配,C276305,RC0805FR-07453KL,YAGEO,0805,已下载原始符号和封装,True,原查询库复用；新增型号须在线查询
"RGS1,RGS2,RGS3,RGS4,RGS5,RGS6,RGS7,RGS8,RGS9,RGS10,RGS11,RGS12,R_DT_B,R_DT_B_B,R_SC_GBIAS_GATE,R_SC_FAULT_PD",RC0805FR-0747KL,型号精确匹配,C126351,RC0805FR-0747KL,YAGEO,0805,已下载原始符号和封装,True,原查询库复用；新增型号须在线查询
"R_HPUA,R_HPUB,R_HPUC",RC0805FR-074K7L,型号精确匹配,C60816,RC0805FR-074K7L,YAGEO,0805,已下载原始符号和封装,True,原查询库复用；新增型号须在线查询
R_SC_SPI_MISO,RC0805FR-074K99L,型号精确匹配,C114542,RC0805FR-074K99L,YAGEO,0805,已下载原始符号和封装,True,原查询库复用；新增型号须在线查询
"RG1,RG2,RG3,RG4,RG5,RG6,RG7,RG8,RG9,RG10,RG11,RG12,RG13,R_COIL_G,RG13_B",RC0805FR-074R7L,型号精确匹配,C137513,RC0805FR-074R7L,YAGEO,0805,已下载原始符号和封装,True,原查询库复用；新增型号须在线查询
R_ESTOP,RC0805FR-07560RL,型号精确匹配,C114536,RC0805FR-07560RL,YAGEO,0805,已下载原始符号和封装,True,原查询库复用；新增型号须在线查询
"R_SC_RAMP1,R_SC_RAMP2",RC0805FR-0795K3L,型号精确匹配,C273969,RC0805FR-0795K3L,YAGEO,0805,已下载原始符号和封装,True,原查询库复用；新增型号须在线查询
"R_SC_READY_LOCK,R_SC_FAULT_LOCK,R_SC_HV_GATE_LOCK,R_SC_LV_GATE_LOCK,R_SC_DISABLE_UVLO,R_SC_DISABLE_EN1,R_SC_DISABLE_EN2,R_SC_PORT_INA_LOCK,R_SC_PORT_INB_LOCK,R_SC_PORT_DIS_LOCK",RC0805JR-070RL,型号精确匹配,C96345,RC0805JR-070RL,YAGEO,0805,已下载原始符号和封装,True,原查询库复用；新增型号须在线查询
"R_SC_BAL1,R_SC_BAL2,R_SC_BAL3,R_SC_BAL4,R_SC_BAL5,R_SC_BAL6,R_SC_BAL7,R_SC_BAL8",RC1206FR-07100RL,型号精确匹配,C137392,RC1206FR-07100RL,YAGEO,1206,已下载原始符号和封装,True,原查询库复用；新增型号须在线查询
R_SC_GBIAS_BLEED,RC1206FR-072K2L,型号精确匹配,C114933,RC1206FR-072K2L,YAGEO,1206,已下载原始符号和封装,True,原查询库复用；新增型号须在线查询
R_SC_AFE_HOLD,RC1206FR-073K3L,型号精确匹配,C137292,RC1206FR-073K3L,YAGEO,1206,已下载原始符号和封装,True,原查询库复用；新增型号须在线查询
R_TERM,RC1210FR-07120RL,型号精确匹配,C137105,RC1210FR-07120RL,YAGEO,1210,已下载原始符号和封装,True,原查询库复用；新增型号须在线查询
"R_INHIBIT,R_INHIBIT_B",RC1210FR-071KL,型号精确匹配,C83144,RC1210FR-071KL,YAGEO,1210,已下载原始符号和封装,True,原查询库复用；新增型号须在线查询
"U13,U20",REF5025ID,型号精确匹配,C523999,REF5025ID,Texas Instruments,SOIC-8,已下载原始符号和封装,True,原查询库复用；新增型号须在线查询
R_PRE,RH25033R00FE01,本接口未检出,,,,,未获取,False,原查询库复用；新增型号须在线查询
R_SC_5V_TOP,RT0805BRD07100KL,型号精确匹配,C122537,RT0805BRD07100KL,YAGEO,0805,已下载原始符号和封装,True,原查询库复用；新增型号须在线查询
"R_DUMP3,R_DUMP3_B",RT0805BRD0710K2L,型号精确匹配,C865134,RT0805BRD0710K2L,YAGEO,0805,已下载原始符号和封装,True,原查询库复用；新增型号须在线查询
"R_ITH2,R_ITH3,R_VB5,R_NTC,R_OV3,R_UV2,R_PREBUS5,R_OV3_B,R_UV2_B,R_VM15_UV2,R_SC_HV_ADC_BOT,R_SC_LV_ADC_BOT,R_SC_GBIAS_UV_BOT,R_SC_GBIAS_OV_BOT,R_BACKUP_MON_UV_BOT,R_BACKUP_MON_OV_BOT,R_MAIN_MON_OV_BOT,R_EFUSE5_OV_BOT,R_CAP_FAULT_BOT,R_CAP_READY_BOT",RT0805BRD0710KL,型号精确匹配,C110775,RT0805BRD0710KL,YAGEO,0805,已下载原始符号和封装,True,原查询库复用；新增型号须在线查询
"R_BSP,R_BSM,R_SC_CAP_SP,R_SC_CAP_SM,R_BRIDGE_SP,R_BRIDGE_SM",RT0805BRD0710RL,型号精确匹配,C865142,RT0805BRD0710RL,YAGEO,0805,已下载原始符号和封装,True,原查询库复用；新增型号须在线查询
R_EFUSE5_ILIM,RT0805BRD0712KL,型号精确匹配,C865172,RT0805BRD0712KL,YAGEO,0805,已下载原始符号和封装,True,原查询库复用；新增型号须在线查询
R_SC_HV_ADC_TOP,RT0805BRD07137KL,型号精确匹配,C865180,RT0805BRD07137KL,YAGEO,0805,未取得,False,原查询库复用；新增型号须在线查询
R_SC_AFE_BIAS_BOT,RT0805BRD0716K2L,型号精确匹配,C865217,RT0805BRD0716K2L,YAGEO,0805,已下载原始符号和封装,True,原查询库复用；新增型号须在线查询
"R_SC_CSA1,R_SC_CSB1,R_SC_CSA2,R_SC_CSB2",RT0805BRD071RL,型号精确匹配,C865286,RT0805BRD071RL,YAGEO,0805,已下载原始符号和封装,True,原查询库复用；新增型号须在线查询
R_SC_GBIAS_UV_TOP,RT0805BRD07226KL,型号精确匹配,C865308,RT0805BRD07226KL,YAGEO,0805,未取得,False,原查询库复用；新增型号须在线查询
R_SC_5V_BOT,RT0805BRD0724K9L,型号精确匹配,C865327,RT0805BRD0724K9L,YAGEO,0805,已下载原始符号和封装,True,原查询库复用；新增型号须在线查询
"R_UV1,R_BACKUP_MON_UV_TOP",RT0805BRD07265KL,本接口未检出,,,,,未获取,False,原查询库复用；新增型号须在线查询
R_SC_GBIAS_OV_TOP,RT0805BRD07274KL,型号精确匹配,C865344,RT0805BRD07274KL,YAGEO,0805,已下载原始符号和封装,True,原查询库复用；新增型号须在线查询
"R_BACKUP_MON_OV_TOP,R_MAIN_MON_OV_TOP",RT0805BRD07335KL,本接口未检出,,,,,未获取,False,原查询库复用；新增型号须在线查询
"R_SC_TEMP1,R_SC_TEMP2,R_SC_TEMP3,R_SC_TEMP4,R_SC_TEMP5",RT0805BRD0733KL,型号精确匹配,C728650,RT0805BRD0733KL,YAGEO,0805,已下载原始符号和封装,True,原查询库复用；新增型号须在线查询
R_UV1_B,RT0805BRD0734KL,型号精确匹配,C865418,RT0805BRD0734KL,YAGEO,0805,已下载原始符号和封装,True,原查询库复用；新增型号须在线查询
R_SC_10V_TOP,RT0805BRD07365KL,型号精确匹配,C865428,RT0805BRD07365KL,YAGEO,0805,未取得,False,原查询库复用；新增型号须在线查询
R_EFUSE5_OV_TOP,RT0805BRD0736K5L,型号精确匹配,C865431,RT0805BRD0736K5L,YAGEO,0805,未取得,False,原查询库复用；新增型号须在线查询
R_VM15_UV1,RT0805BRD0743K2L,型号精确匹配,C865491,RT0805BRD0743K2L,YAGEO,0805,已下载原始符号和封装,True,原查询库复用；新增型号须在线查询
R_SC_AFE_BIAS_TOP,RT0805BRD07475KL,型号精确匹配,C865513,RT0805BRD07475KL,YAGEO,0805,已下载原始符号和封装,True,原查询库复用；新增型号须在线查询
"R_SC_10V_BOT,R_CAP_FAULT_TOP,R_CAP_READY_TOP",RT0805BRD0749K9L,型号精确匹配,C469661,RT0805BRD0749K9L,YAGEO,0805,已下载原始符号和封装,True,原查询库复用；新增型号须在线查询
"R_ITH1,R_ITH4",RT0805BRD074K22L,型号精确匹配,C865526,RT0805BRD074K22L,YAGEO,0805,已下载原始符号和封装,True,原查询库复用；新增型号须在线查询
R_SC_OVPB,RT0805BRD0766K5L,型号精确匹配,C865607,RT0805BRD0766K5L,YAGEO,0805,未取得,False,原查询库复用；新增型号须在线查询
"R_DUMP_FB,R_DUMP_FB_B",RT0805BRD07750KL,型号精确匹配,C865642,RT0805BRD07750KL,YAGEO,0805,已下载原始符号和封装,True,原查询库复用；新增型号须在线查询
R_SC_OVPA,RT0805BRD0784K5L,型号精确匹配,C865673,RT0805BRD0784K5L,YAGEO,0805,未取得,False,原查询库复用；新增型号须在线查询
"R_DUMP1,R_DUMP2",RT0805BRD0786K6L,型号精确匹配,C865678,RT0805BRD0786K6L,YAGEO,0805,已下载原始符号和封装,True,原查询库复用；新增型号须在线查询
"R_DUMP1_B,R_DUMP2_B",RT0805BRD0788KL,本接口未检出,,,,,未获取,False,原查询库复用；新增型号须在线查询
"R_VB1,R_VB2,R_VB3,R_VB4,R_PREBAT1,R_PREBAT2,R_PREBAT3,R_PREBAT4,R_PREBUS1,R_PREBUS2,R_PREBUS3,R_PREBUS4,R_SC_LV_ADC_TOP",RT0805BRD0790K9L,型号精确匹配,C865696,RT0805BRD0790K9L,YAGEO,0805,已下载原始符号和封装,True,原查询库复用；新增型号须在线查询
"R_OV1,R_OV2,R_OV1_B,R_OV2_B",RT0805BRD0791KL,型号精确匹配,C865700,RT0805BRD0791KL,YAGEO,0805,已下载原始符号和封装,True,原查询库复用；新增型号须在线查询
R_PREBAT5,RT0805BRD079K31L,型号精确匹配,C865720,RT0805BRD079K31L,YAGEO,0805,已下载原始符号和封装,True,原查询库复用；新增型号须在线查询
"J_SC_CTL,J_CAP_CTL",SM05B-GHS-TB(LF)(SN),型号精确匹配,C189896,SM05B-GHS-TB(LF)(SN),JST,"SMD,P=1.25mm,Surface Mount，Right Angle",已下载原始符号和封装,True,原查询库复用；新增型号须在线查询
"D_TVS,D_AUXTVS,D_COIL_CLAMP,D_SC_AUX_TVS",SMCJ43A,型号精确匹配,C3720692,SMCJ43A,Littelfuse,DO-214AB,已下载原始符号和封装,True,原查询库复用；新增型号须在线查询
U8,SN74HC74PWR,型号精确匹配,C6761,SN74HC74PWR,Texas Instruments,TSSOP-14,已下载原始符号和封装,True,原查询库复用；新增型号须在线查询
"U9,U10",SN74LVC08APWR,型号精确匹配,C465737,SN74LVC08APWR,Texas Instruments,TSSOP-14,已下载原始符号和封装,True,原查询库复用；新增型号须在线查询
U24,SN74LVC1G08DBVR,型号精确匹配,C7666,SN74LVC1G08DBVR,Texas Instruments,SOT-23-5,已下载原始符号和封装,True,原查询库复用；新增型号须在线查询
U_PWM_GATE,SN74LVC1G11DBVR,型号精确匹配,C22046,SN74LVC1G11DBVR,Texas Instruments,SOT-23-6,已下载原始符号和封装,True,原查询库复用；新增型号须在线查询
"U11,U_SC_FAULT_BUF",SN74LVC1G17DBVR,型号精确匹配,C7836,SN74LVC1G17DBVR,Texas Instruments,SOT-23-5,已下载原始符号和封装,True,原查询库复用；新增型号须在线查询
U_CAP_LATCH_CLR,SN74LVC1G97DBVR,型号精确匹配,C128411,SN74LVC1G97DBVR,Texas Instruments,SOT-23-6,已下载原始符号和封装,True,原查询库复用；新增型号须在线查询
U17,SN74LVC3G17DCUR,型号精确匹配,C68245,SN74LVC3G17DCUR,Texas Instruments,VSSOP-8-0.5mm,已下载原始符号和封装,True,原查询库复用；新增型号须在线查询
"F2,F_BACKUP",SPFJ070.X,本接口未检出,,,,,未获取,False,原查询库复用；新增型号须在线查询
F1,SPFJ100.X,本接口未检出,,,,,未获取,False,原查询库复用；新增型号须在线查询
L_SC_AFE_BOOST,SRN4018-100M,型号精确匹配,C503307,SRN4018-100M,BOURNS,"SMD,4x4mm",已下载原始符号和封装,True,原查询库复用；新增型号须在线查询
"D_SC_BOOT1,D_SC_BOOT2,D_SC_AFE_HOLD",STPS1H100A,型号精确匹配,C165701,STPS1H100A,STMicroelectronics,SMA(DO-214AC),已下载原始符号和封装,True,原查询库复用；新增型号须在线查询
"D_AUXBAT,D_AUXBUS,D_SC_OR_BAT,D_SC_OR_CAP",STPS2H100A,型号精确匹配,C81548,STPS2H100A,STMicroelectronics,SMA(DO-214AC),已下载原始符号和封装,True,原查询库复用；新增型号须在线查询
"D_FREE,D_FREE_B",STPS60150CT,型号精确匹配,C2798201,STPS60150CT,STMicroelectronics,TO-220AB,未取得,False,原查询库复用；新增型号须在线查询
C_SC_10V_OUT1,T598D476M025ATE060,型号精确匹配,C2158951,T598D476M025ATE060,KEMET,CASE-D-7343-31(mm),已下载原始符号和封装,True,原查询库复用；新增型号须在线查询
"U16,U_SC_CAN",TCAN1051HGVDR,型号精确匹配,C124013,TCAN1051HGVDR,Texas Instruments,SOIC-8,已下载原始符号和封装,True,原查询库复用；新增型号须在线查询
"U14,U21",TLV1704AIPWR,型号精确匹配,C181596,TLV1704AIPWR,Texas Instruments,TSSOP-14,已下载原始符号和封装,True,原查询库复用；新增型号须在线查询
"U4,U5,U6",TLV3202AIDGKR,型号精确匹配,C478075,TLV3202AIDGKR,Texas Instruments,VSSOP-8,返回数据不完整,False,原查询库复用；新增型号须在线查询
U_SC_AFE_BOOST,TLV61046ADBVR,型号精确匹配,C464815,TLV61046ADBVR,Texas Instruments,SOT-23-6,已下载原始符号和封装,True,原查询库复用；新增型号须在线查询
U_SC_GBIAS_POR,TLV803EA30DBZR,型号精确匹配,C5218924,TLV803EA30DBZR,Texas Instruments,SOT-23-3,已下载原始符号和封装,True,原查询库复用；新增型号须在线查询
"PSU_SC_PORT_HV,PSU_SC_PORT_LV",TMR1-1212,仅候选待核对,,,,,未获取,False,原查询库复用；新增型号须在线查询
U_EFUSE1,TPS26630RGER,型号精确匹配,C1850276,TPS26630RGER,Texas Instruments,VQFN-24(4x4),已下载原始符号和封装,True,原查询库复用；新增型号须在线查询
U19,TPS3431SDRBR,型号精确匹配,C702145,TPS3431SDRBR,Texas Instruments,VDFN-8-EP(3x3),已下载原始符号和封装,True,原查询库复用；新增型号须在线查询
"U_SC_GBIAS_MON,U_BACKUP_MON,U_MAIN_MON,U_CAP_RX_MON",TPS3700DDCR,型号精确匹配,C33002,TPS3700DDCR,Texas Instruments,SOT-23-6,已下载原始符号和封装,True,原查询库复用；新增型号须在线查询
U12,TPS3808G33DBVR,型号精确匹配,C43698,TPS3808G33DBVR,Texas Instruments,SOT-23-6,已下载原始符号和封装,True,原查询库复用；新增型号须在线查询
U_SC_PORT_DRV,UCC21520DWR,型号精确匹配,C601651,UCC21520DWR,Texas Instruments,SOIC-16-300mil,已下载原始符号和封装,True,原查询库复用；新增型号须在线查询
"U15,U25,U22",UCC27517DBVR,型号精确匹配,C99395,UCC27517DBVR,Texas Instruments,SOT-23-5,已下载原始符号和封装,True,原查询库复用；新增型号须在线查询
L_SC_5V,XAL7030-822MEC,型号精确匹配,C5184819,XAL7030-822MEC,Coilcraft,"SMD,7.5x7.5mm",未取得,False,原查询库复用；新增型号须在线查询
