封装,焊盘,形状,中心X毫米,中心Y毫米,宽毫米,高毫米,孔径毫米,角度,标准版层编号
立创封装_C105577,2,RECT,1.0,0.0,1.13254,1.37701,0.0,0.0,1
立创封装_C105577,1,RECT,-1.0,0.0,1.13254,1.37701,0.0,0.0,1
立创封装_C137105,2,RECT,1.4412,0.0,1.28252,2.808,0.0,0.0,1
立创封装_C137105,1,RECT,-1.4412,0.0,1.28252,2.808,0.0,0.0,1
立创封装_C137392,2,RECT,1.47879,0.0,1.20752,1.70101,0.0,0.0,1
立创封装_C137392,1,RECT,-1.47879,0.0,1.20752,1.70101,0.0,0.0,1
立创封装_C144395,1,ELLIPSE,3.75003,0.0,1.7,1.7,1.0,0.0,11
立创封装_C144395,2,ELLIPSE,1.24991,0.0,1.7,1.7,1.0,0.0,11
立创封装_C144395,3,ELLIPSE,-1.24996,0.0,1.7,1.7,1.0,0.0,11
立创封装_C144395,4,ELLIPSE,-3.75008,0.0,1.7,1.7,1.0,0.0,11
立创封装_C157991,1,RECT,5.08,0.0,1.8,1.8,1.2,180.0,11
立创封装_C157991,2,ELLIPSE,2.54,0.0,1.8,1.8,1.2,180.0,11
立创封装_C157991,3,ELLIPSE,0.0,0.0,1.8,1.8,1.2,180.0,11
立创封装_C157991,4,ELLIPSE,-2.54,0.0,1.8,1.8,1.2,180.0,11
立创封装_C157991,5,ELLIPSE,-5.08,0.0,1.8,1.8,1.2,180.0,11
立创封装_C158012,1,ELLIPSE,1.25001,0.0,1.7,1.7,1.0,180.0,11
立创封装_C158012,2,ELLIPSE,-1.24998,0.0,1.7,1.7,1.0,180.0,11
立创封装_C165701,2,RECT,2.19989,0.0,2.0,2.0,0.0,180.0,1
立创封装_C165701,1,RECT,-2.19989,0.0,2.0,2.0,0.0,180.0,1
立创封装_C1850276,25,RECT,0.0,0.0,2.69999,2.69999,0.0,0.0,1
立创封装_C1850276,24,RECT,-1.24993,-1.9116,0.28001,0.63299,0.0,0.0,1
立创封装_C1850276,23,RECT,-0.75006,-1.9116,0.28001,0.63299,0.0,0.0,1
立创封装_C1850276,22,RECT,-0.24994,-1.9116,0.28001,0.63299,0.0,0.0,1
立创封装_C1850276,21,RECT,0.24994,-1.9116,0.28001,0.63299,0.0,0.0,1
立创封装_C1850276,20,RECT,0.75006,-1.9116,0.28001,0.63299,0.0,0.0,1
立创封装_C1850276,19,RECT,1.24993,-1.9116,0.28001,0.63299,0.0,0.0,1
立创封装_C1850276,18,RECT,1.9116,-1.24993,0.63299,0.28001,0.0,0.0,1
立创封装_C1850276,17,RECT,1.9116,-0.75006,0.63299,0.28001,0.0,0.0,1
立创封装_C1850276,16,RECT,1.9116,-0.24994,0.63299,0.28001,0.0,0.0,1
立创封装_C1850276,15,RECT,1.9116,0.24994,0.63299,0.28001,0.0,0.0,1
立创封装_C1850276,14,RECT,1.9116,0.75006,0.63299,0.28001,0.0,0.0,1
立创封装_C1850276,13,RECT,1.9116,1.24993,0.63299,0.28001,0.0,0.0,1
立创封装_C1850276,12,RECT,1.24993,1.9116,0.28001,0.63299,0.0,0.0,1
立创封装_C1850276,11,RECT,0.75006,1.9116,0.28001,0.63299,0.0,0.0,1
立创封装_C1850276,10,RECT,0.24994,1.9116,0.28001,0.63299,0.0,0.0,1
立创封装_C1850276,9,RECT,-0.24994,1.9116,0.28001,0.63299,0.0,0.0,1
立创封装_C1850276,8,RECT,-0.75006,1.9116,0.28001,0.63299,0.0,0.0,1
立创封装_C1850276,7,RECT,-1.24993,1.9116,0.28001,0.63299,0.0,0.0,1
立创封装_C1850276,6,RECT,-1.9116,1.24993,0.63299,0.28001,0.0,0.0,1
立创封装_C1850276,5,RECT,-1.9116,0.75006,0.63299,0.28001,0.0,0.0,1
立创封装_C1850276,4,RECT,-1.9116,0.24994,0.63299,0.28001,0.0,0.0,1
立创封装_C1850276,3,RECT,-1.9116,-0.24994,0.63299,0.28001,0.0,0.0,1
立创封装_C1850276,2,RECT,-1.9116,-0.75006,0.63299,0.28001,0.0,0.0,1
立创封装_C1850276,1,RECT,-1.9116,-1.24993,0.63299,0.28001,0.0,0.0,1
立创封装_C189896,7,RECT,-4.35,1.59995,1.0,2.69999,0.0,0.0,1
立创封装_C189896,6,RECT,4.35,1.59995,1.0,2.69999,0.0,0.0,1
立创封装_C189896,5,RECT,2.49987,-1.59995,0.6,1.7,0.0,0.0,1
立创封装_C189896,4,RECT,1.24993,-1.59995,0.6,1.7,0.0,0.0,1
立创封装_C189896,3,RECT,0.0,-1.59995,0.6,1.7,0.0,0.0,1
立创封装_C189896,2,RECT,-1.25019,-1.59995,0.6,1.7,0.0,0.0,1
立创封装_C189896,1,RECT,-2.50012,-1.59995,0.6,1.7,0.0,0.0,1
立创封装_C19224,2,RECT,1.20498,0.0,0.8,0.8,0.0,0.0,1
立创封装_C19224,1,RECT,-1.20498,0.0,0.8,0.8,0.0,0.0,1
立创封装_C2158951,2,RECT,3.43662,0.0,2.18501,2.59199,0.0,180.0,1
立创封装_C2158951,1,RECT,-3.43662,0.0,2.18501,2.59199,0.0,180.0,1
立创封装_C2167185,2,RECT,1.0,0.0,1.41,1.35001,0.0,0.0,1
立创封装_C2167185,1,RECT,-1.0,0.0,1.41,1.35001,0.0,0.0,1
立创封装_C2167287,2,RECT,1.59258,0.0,1.48501,1.72799,0.0,0.0,1
立创封装_C2167287,1,RECT,-1.59258,0.0,1.48501,1.72799,0.0,0.0,1
立创封装_C22046,3,RECT,1.35001,-0.94996,1.1,0.6,0.0,0.0,1
立创封装_C22046,2,RECT,1.35001,0.0,1.1,0.6,0.0,0.0,1
立创封装_C22046,1,RECT,1.35001,0.94996,1.1,0.6,0.0,0.0,1
立创封装_C22046,6,RECT,-1.35001,0.94996,1.1,0.6,0.0,0.0,1
立创封装_C22046,5,RECT,-1.35001,0.0,1.1,0.6,0.0,0.0,1
立创封装_C22046,4,RECT,-1.35001,-0.94996,1.1,0.6,0.0,0.0,1
立创封装_C2871575,49,RECT,-5e-05,-3e-05,4.59999,4.59999,0.0,270.0,1
立创封装_C2871575,48,OVAL,-2.75011,-4.19992,1.6,0.28001,0.0,270.0,1
立创封装_C2871575,47,OVAL,-2.24998,-4.19992,1.6,0.28001,0.0,270.0,1
立创封装_C2871575,46,OVAL,-1.75011,-4.19992,1.6,0.28001,0.0,270.0,1
立创封装_C2871575,45,OVAL,-1.24998,-4.19992,1.6,0.28001,0.0,270.0,1
立创封装_C2871575,44,OVAL,-0.75011,-4.19992,1.6,0.28001,0.0,270.0,1
立创封装_C2871575,43,OVAL,-0.24999,-4.19992,1.6,0.28001,0.0,270.0,1
立创封装_C2871575,42,OVAL,0.24989,-4.19992,1.6,0.28001,0.0,270.0,1
立创封装_C2871575,41,OVAL,0.75001,-4.19992,1.6,0.28001,0.0,270.0,1
立创封装_C2871575,40,OVAL,1.24988,-4.19992,1.6,0.28001,0.0,270.0,1
立创封装_C2871575,39,OVAL,1.75001,-4.19992,1.6,0.28001,0.0,270.0,1
立创封装_C2871575,38,OVAL,2.24988,-4.19992,1.6,0.28001,0.0,270.0,1
立创封装_C2871575,37,OVAL,2.75001,-4.19992,1.6,0.28001,0.0,270.0,1
立创封装_C2871575,36,OVAL,4.19984,-2.75008,0.28001,1.6,0.0,270.0,1
立创封装_C2871575,35,OVAL,4.19984,-2.24996,0.28001,1.6,0.0,270.0,1
立创封装_C2871575,34,OVAL,4.19984,-1.75009,0.28001,1.6,0.0,270.0,1
立创封装_C2871575,33,OVAL,4.19984,-1.24996,0.28001,1.6,0.0,270.0,1
立创封装_C2871575,32,OVAL,4.19984,-0.75009,0.28001,1.6,0.0,270.0,1
立创封装_C2871575,31,OVAL,4.19984,-0.24996,0.28001,1.6,0.0,270.0,1
立创封装_C2871575,30,OVAL,4.19984,0.24991,0.28001,1.6,0.0,270.0,1
立创封装_C2871575,29,OVAL,4.19984,0.75004,0.28001,1.6,0.0,270.0,1
立创封装_C2871575,28,OVAL,4.19984,1.24991,0.28001,1.6,0.0,270.0,1
立创封装_C2871575,27,OVAL,4.19984,1.75003,0.28001,1.6,0.0,270.0,1
立创封装_C2871575,26,OVAL,4.19984,2.24991,0.28001,1.6,0.0,270.0,1
立创封装_C2871575,25,OVAL,4.19984,2.75003,0.28001,1.6,0.0,270.0,1
立创封装_C2871575,24,OVAL,2.75001,4.19986,1.6,0.28001,0.0,270.0,1
立创封装_C2871575,23,OVAL,2.24988,4.19986,1.6,0.28001,0.0,270.0,1
立创封装_C2871575,22,OVAL,1.75001,4.19986,1.6,0.28001,0.0,270.0,1
立创封装_C2871575,21,OVAL,1.24988,4.19986,1.6,0.28001,0.0,270.0,1
立创封装_C2871575,20,OVAL,0.75001,4.19986,1.6,0.28001,0.0,270.0,1
立创封装_C2871575,19,OVAL,0.24989,4.19986,1.6,0.28001,0.0,270.0,1
立创封装_C2871575,18,OVAL,-0.24999,4.19986,1.6,0.28001,0.0,270.0,1
立创封装_C2871575,17,OVAL,-0.75011,4.19986,1.6,0.28001,0.0,270.0,1
立创封装_C2871575,16,OVAL,-1.24998,4.19986,1.6,0.28001,0.0,270.0,1
立创封装_C2871575,15,OVAL,-1.75011,4.19986,1.6,0.28001,0.0,270.0,1
立创封装_C2871575,14,OVAL,-2.24998,4.19986,1.6,0.28001,0.0,270.0,1
立创封装_C2871575,13,OVAL,-2.75011,4.19986,1.6,0.28001,0.0,270.0,1
立创封装_C2871575,12,OVAL,-4.19994,2.75003,0.28001,1.6,0.0,270.0,1
立创封装_C2871575,11,OVAL,-4.19994,2.24991,0.28001,1.6,0.0,270.0,1
立创封装_C2871575,10,OVAL,-4.19994,1.75003,0.28001,1.6,0.0,270.0,1
立创封装_C2871575,9,OVAL,-4.19994,1.24991,0.28001,1.6,0.0,270.0,1
立创封装_C2871575,8,OVAL,-4.19994,0.75004,0.28001,1.6,0.0,270.0,1
立创封装_C2871575,7,OVAL,-4.19994,0.24991,0.28001,1.6,0.0,270.0,1
立创封装_C2871575,6,OVAL,-4.19994,-0.24996,0.28001,1.6,0.0,270.0,1
立创封装_C2871575,5,OVAL,-4.19994,-0.75009,0.28001,1.6,0.0,270.0,1
立创封装_C2871575,4,OVAL,-4.19994,-1.24996,0.28001,1.6,0.0,270.0,1
立创封装_C2871575,3,OVAL,-4.19994,-1.75009,0.28001,1.6,0.0,270.0,1
立创封装_C2871575,2,OVAL,-4.19994,-2.24996,0.28001,1.6,0.0,270.0,1
立创封装_C2871575,1,OVAL,-4.19994,-2.75008,0.28001,1.6,0.0,270.0,1
立创封装_C2941042,1,RECT,-0.94996,1.1491,0.532,1.07201,0.0,0.0,1
立创封装_C2941042,2,RECT,0.0,1.1491,0.532,1.07201,0.0,0.0,1
立创封装_C2941042,3,RECT,0.94996,1.1491,0.532,1.07201,0.0,0.0,1
立创封装_C2941042,4,RECT,0.94996,-1.1491,0.532,1.07201,0.0,0.0,1
立创封装_C2941042,5,RECT,0.0,-1.1491,0.532,1.07201,0.0,0.0,1
立创封装_C2941042,6,RECT,-0.94996,-1.1491,0.532,1.07201,0.0,0.0,1
立创封装_C3332353,1,RECT,-1.27,0.0,2.0,2.0,1.2,0.0,11
立创封装_C3332353,2,ELLIPSE,1.27,0.0,2.0,2.0,1.2,0.0,11
立创封装_C36752877,1,OVAL,-0.97511,2.19989,0.38001,1.45001,0.0,0.0,1
立创封装_C36752877,2,OVAL,-0.32487,2.19989,0.38001,1.45001,0.0,0.0,1
立创封装_C36752877,3,OVAL,0.32512,2.19989,0.38001,1.45001,0.0,0.0,1
立创封装_C36752877,4,OVAL,0.97511,2.19989,0.38001,1.45001,0.0,0.0,1
立创封装_C36752877,8,OVAL,-0.97511,-2.19989,0.38001,1.45001,0.0,0.0,1
立创封装_C36752877,7,OVAL,-0.32487,-2.19989,0.38001,1.45001,0.0,0.0,1
立创封装_C36752877,6,OVAL,0.32512,-2.19989,0.38001,1.45001,0.0,0.0,1
立创封装_C36752877,5,OVAL,0.97511,-2.19989,0.38001,1.45001,0.0,0.0,1
立创封装_C4168885,2,RECT,3.06629,0.0,1.28252,3.456,0.0,0.0,1
立创封装_C4168885,1,RECT,-3.06629,0.0,1.28252,3.456,0.0,0.0,1
立创封装_C426769,1,RECT,-1.70002,0.0,1.3,1.3,0.0,0.0,1
立创封装_C426769,2,RECT,1.70002,0.0,1.3,1.3,0.0,0.0,1
立创封装_C454949,2,RECT,-1.70002,0.0,1.3,1.3,0.0,180.0,1
立创封装_C454949,1,RECT,1.70002,0.0,1.3,1.3,0.0,180.0,1
立创封装_C477928,8,OVAL,-1.90497,-3.00002,0.6,1.6,0.0,0.0,1
立创封装_C477928,1,OVAL,-1.90497,2.99997,0.6,1.6,0.0,0.0,1
立创封装_C477928,7,OVAL,-0.63497,-3.00002,0.6,1.6,0.0,0.0,1
立创封装_C477928,6,OVAL,0.63503,-3.00002,0.6,1.6,0.0,0.0,1
立创封装_C477928,5,OVAL,1.90503,-3.00002,0.6,1.6,0.0,0.0,1
立创封装_C477928,2,OVAL,-0.63497,2.99997,0.6,1.6,0.0,0.0,1
立创封装_C477928,3,OVAL,0.63503,2.99997,0.6,1.6,0.0,0.0,1
立创封装_C477928,4,OVAL,1.90503,2.99997,0.6,1.6,0.0,0.0,1
立创封装_C477928,9,RECT,3e-05,-3e-05,3.19999,2.49999,0.0,0.0,1
立创封装_C478075,1,OVAL,-0.97511,2.13106,0.36401,1.662,0.0,0.0,1
立创封装_C478075,2,OVAL,-0.32487,2.13106,0.36401,1.662,0.0,0.0,1
立创封装_C478075,3,OVAL,0.32512,2.13106,0.36401,1.662,0.0,0.0,1
立创封装_C478075,4,OVAL,0.97511,2.13106,0.36401,1.662,0.0,0.0,1
立创封装_C478075,8,OVAL,-0.97511,-2.13106,0.36401,1.662,0.0,0.0,1
立创封装_C478075,7,OVAL,-0.32487,-2.13106,0.36401,1.662,0.0,0.0,1
立创封装_C478075,6,OVAL,0.32512,-2.13106,0.36401,1.662,0.0,0.0,1
立创封装_C478075,5,OVAL,0.97511,-2.13106,0.36401,1.662,0.0,0.0,1
立创封装_C523999,5,OVAL,1.905,-2.59994,0.58801,1.8,0.0,0.0,1
立创封装_C523999,6,OVAL,0.635,-2.59994,0.58801,1.8,0.0,0.0,1
立创封装_C523999,7,OVAL,-0.635,-2.59994,0.58801,1.8,0.0,0.0,1
立创封装_C523999,8,OVAL,-1.905,-2.59994,0.58801,1.8,0.0,0.0,1
立创封装_C523999,4,OVAL,1.905,2.59994,0.58801,1.8,0.0,0.0,1
立创封装_C523999,3,OVAL,0.635,2.59994,0.58801,1.8,0.0,0.0,1
立创封装_C523999,2,OVAL,-0.635,2.59994,0.58801,1.8,0.0,0.0,1
立创封装_C523999,1,OVAL,-1.905,2.59994,0.58801,1.8,0.0,0.0,1
立创封装_C601651,1,OVAL,-4.445,4.75031,0.57399,2.4005,0.0,0.0,1
立创封装_C601651,2,OVAL,-3.175,4.75031,0.57399,2.4005,0.0,0.0,1
立创封装_C601651,3,OVAL,-1.905,4.75031,0.57399,2.4005,0.0,0.0,1
立创封装_C601651,4,OVAL,-0.635,4.75031,0.57399,2.4005,0.0,0.0,1
立创封装_C601651,5,OVAL,0.635,4.75031,0.57399,2.4005,0.0,0.0,1
立创封装_C601651,6,OVAL,1.905,4.75031,0.57399,2.4005,0.0,0.0,1
立创封装_C601651,7,OVAL,3.175,4.75031,0.57399,2.4005,0.0,0.0,1
立创封装_C601651,8,OVAL,4.445,4.75031,0.57399,2.4005,0.0,0.0,1
立创封装_C601651,16,OVAL,-4.445,-4.75031,0.57399,2.4005,0.0,0.0,1
立创封装_C601651,15,OVAL,-3.175,-4.75031,0.57399,2.4005,0.0,0.0,1
立创封装_C601651,14,OVAL,-1.905,-4.75031,0.57399,2.4005,0.0,0.0,1
立创封装_C601651,13,OVAL,-0.635,-4.75031,0.57399,2.4005,0.0,0.0,1
立创封装_C601651,12,OVAL,0.635,-4.75031,0.57399,2.4005,0.0,0.0,1
立创封装_C601651,11,OVAL,1.905,-4.75031,0.57399,2.4005,0.0,0.0,1
立创封装_C601651,10,OVAL,3.175,-4.75031,0.57399,2.4005,0.0,0.0,1
立创封装_C601651,9,OVAL,4.445,-4.75031,0.57399,2.4005,0.0,0.0,1
立创封装_C6419630,3,POLYGON,1.8116,-3.92755,10.10006,7.99998,0.0,0.0,1
立创封装_C6419630,1,RECT,-2.39743,3.92714,0.8,2.79999,0.0,0.0,1
立创封装_C6419630,2,POLYGON,2.39758,3.9274,8.00999,2.82001,0.0,0.0,1
立创封装_C6761,1,RECT,-1.94996,2.8001,0.4,1.7,0.0,0.0,1
立创封装_C6761,2,RECT,-1.29997,2.8001,0.4,1.7,0.0,0.0,1
立创封装_C6761,3,RECT,-0.64999,2.8001,0.4,1.7,0.0,0.0,1
立创封装_C6761,4,RECT,0.0,2.8001,0.4,1.7,0.0,0.0,1
立创封装_C6761,5,RECT,0.64999,2.8001,0.4,1.7,0.0,0.0,1
立创封装_C6761,6,RECT,1.29997,2.8001,0.4,1.7,0.0,0.0,1
立创封装_C6761,7,RECT,1.94996,2.8001,0.4,1.7,0.0,0.0,1
立创封装_C6761,8,RECT,1.94996,-2.8001,0.4,1.7,0.0,0.0,1
立创封装_C6761,9,RECT,1.29997,-2.8001,0.4,1.7,0.0,0.0,1
立创封装_C6761,10,RECT,0.64999,-2.8001,0.4,1.7,0.0,0.0,1
立创封装_C6761,11,RECT,0.0,-2.8001,0.4,1.7,0.0,0.0,1
立创封装_C6761,12,RECT,-0.64999,-2.8001,0.4,1.7,0.0,0.0,1
立创封装_C6761,13,RECT,-1.29997,-2.8001,0.4,1.7,0.0,0.0,1
立创封装_C6761,14,RECT,-1.94996,-2.8001,0.4,1.7,0.0,0.0,1
立创封装_C68245,8,OVAL,-1.54978,0.74999,0.75001,0.25001,0.0,0.0,1
立创封装_C68245,7,OVAL,-1.54978,0.24986,0.75001,0.25001,0.0,0.0,1
立创封装_C68245,6,OVAL,-1.54978,-0.25001,0.75001,0.25001,0.0,0.0,1
立创封装_C68245,5,OVAL,-1.54978,-0.75014,0.75001,0.25001,0.0,0.0,1
立创封装_C68245,4,OVAL,1.55003,-0.75014,0.75001,0.25001,0.0,0.0,1
立创封装_C68245,3,OVAL,1.55003,-0.25001,0.75001,0.25001,0.0,0.0,1
立创封装_C68245,2,OVAL,1.55003,0.24986,0.75001,0.25001,0.0,0.0,1
立创封装_C68245,1,OVAL,1.55003,0.74999,0.75001,0.25001,0.0,0.0,1
立创封装_C701785,1,RECT,-2.99999,-2.24993,0.8,0.21999,0.0,0.0,1
立创封装_C701785,2,RECT,-2.99999,-1.75006,0.8,0.21999,0.0,0.0,1
立创封装_C701785,3,RECT,-2.99999,-1.24993,0.8,0.21999,0.0,0.0,1
立创封装_C701785,4,RECT,-2.99999,-0.75006,0.8,0.21999,0.0,0.0,1
立创封装_C701785,5,RECT,-2.99999,-0.24994,0.8,0.21999,0.0,0.0,1
立创封装_C701785,6,RECT,-2.99999,0.24994,0.8,0.21999,0.0,0.0,1
立创封装_C701785,7,RECT,-2.99999,0.75006,0.8,0.21999,0.0,0.0,1
立创封装_C701785,8,RECT,-2.99999,1.24993,0.8,0.21999,0.0,0.0,1
立创封装_C701785,9,RECT,-2.99999,1.75006,0.8,0.21999,0.0,0.0,1
立创封装_C701785,10,RECT,-2.99999,2.24993,0.8,0.21999,0.0,0.0,1
立创封装_C701785,11,RECT,-2.24993,2.99999,0.21999,0.8,0.0,0.0,1
立创封装_C701785,12,RECT,-1.75006,2.99999,0.21999,0.8,0.0,0.0,1
立创封装_C701785,13,RECT,-1.24993,2.99999,0.21999,0.8,0.0,0.0,1
立创封装_C701785,14,RECT,-0.75006,2.99999,0.21999,0.8,0.0,0.0,1
立创封装_C701785,15,RECT,-0.24994,2.99999,0.21999,0.8,0.0,0.0,1
立创封装_C701785,16,RECT,0.24994,2.99999,0.21999,0.8,0.0,0.0,1
立创封装_C701785,17,RECT,0.75006,2.99999,0.21999,0.8,0.0,0.0,1
立创封装_C701785,18,RECT,1.24993,2.99999,0.21999,0.8,0.0,0.0,1
立创封装_C701785,19,RECT,1.75006,2.99999,0.21999,0.8,0.0,0.0,1
立创封装_C701785,20,RECT,2.24993,2.99999,0.21999,0.8,0.0,0.0,1
立创封装_C701785,21,RECT,2.99999,2.24993,0.8,0.21999,0.0,0.0,1
立创封装_C701785,22,RECT,2.99999,1.75006,0.8,0.21999,0.0,0.0,1
立创封装_C701785,23,RECT,2.99999,1.24993,0.8,0.21999,0.0,0.0,1
立创封装_C701785,24,RECT,2.99999,0.75006,0.8,0.21999,0.0,0.0,1
立创封装_C701785,25,RECT,2.99999,0.24994,0.8,0.21999,0.0,0.0,1
立创封装_C701785,26,RECT,2.99999,-0.24994,0.8,0.21999,0.0,0.0,1
立创封装_C701785,27,RECT,2.99999,-0.75006,0.8,0.21999,0.0,0.0,1
立创封装_C701785,28,RECT,2.99999,-1.24993,0.8,0.21999,0.0,0.0,1
立创封装_C701785,29,RECT,2.99999,-1.75006,0.8,0.21999,0.0,0.0,1
立创封装_C701785,30,RECT,2.99999,-2.24993,0.8,0.21999,0.0,0.0,1
立创封装_C701785,31,RECT,2.24993,-2.99999,0.21999,0.8,0.0,0.0,1
立创封装_C701785,32,RECT,1.75006,-2.99999,0.21999,0.8,0.0,0.0,1
立创封装_C701785,33,RECT,1.24993,-2.99999,0.21999,0.8,0.0,0.0,1
立创封装_C701785,34,RECT,0.75006,-2.99999,0.21999,0.8,0.0,0.0,1
立创封装_C701785,35,RECT,0.24994,-2.99999,0.21999,0.8,0.0,0.0,1
立创封装_C701785,36,RECT,-0.24994,-2.99999,0.21999,0.8,0.0,0.0,1
立创封装_C701785,37,RECT,-0.75006,-2.99999,0.21999,0.8,0.0,0.0,1
立创封装_C701785,38,RECT,-1.24993,-2.99999,0.21999,0.8,0.0,0.0,1
立创封装_C701785,39,RECT,-1.75006,-2.99999,0.21999,0.8,0.0,0.0,1
立创封装_C701785,40,RECT,-2.24993,-2.99999,0.21999,0.8,0.0,0.0,1
立创封装_C701785,41,RECT,0.0,0.0,4.49999,4.49999,0.0,0.0,1
立创封装_C75176,1,RECT,1.0,0.94996,1.0,0.65001,0.0,0.0,1
立创封装_C75176,2,RECT,1.0,-0.94996,1.0,0.65001,0.0,0.0,1
立创封装_C75176,3,RECT,-1.0,0.0,1.0,0.65001,0.0,0.0,1
立创封装_C7666,5,RECT,-1.3001,0.94996,1.1,0.6,0.0,0.0,1
立创封装_C7666,4,RECT,-1.3001,-0.94996,1.1,0.6,0.0,0.0,1
立创封装_C7666,3,RECT,1.3001,-0.94996,1.1,0.6,0.0,0.0,1
立创封装_C7666,2,RECT,1.3001,0.0,1.1,0.6,0.0,0.0,1
立创封装_C7666,1,RECT,1.3001,0.94996,1.1,0.6,0.0,0.0,1
立创封装_C81548,2,RECT,2.19253,0.0,1.8,1.7,0.0,0.0,1
立创封装_C81548,1,RECT,-2.19253,0.0,1.8,1.7,0.0,0.0,1
立创封装_C841384,1,RECT,-2.69989,-1.905,1.3,0.6,0.0,0.0,1
立创封装_C841384,2,RECT,-2.69989,-0.635,1.3,0.6,0.0,0.0,1
立创封装_C841384,3,RECT,-2.69989,0.635,1.3,0.6,0.0,0.0,1
立创封装_C841384,4,RECT,-2.69989,1.905,1.3,0.6,0.0,0.0,1
立创封装_C841384,5,RECT,2.69989,1.905,1.3,0.6,0.0,0.0,1
立创封装_C841384,6,RECT,2.69989,0.635,1.3,0.6,0.0,0.0,1
立创封装_C841384,7,RECT,2.69989,-0.635,1.3,0.6,0.0,0.0,1
立创封装_C841384,8,RECT,2.69989,-1.905,1.3,0.6,0.0,0.0,1
立创封装_C841384,9,RECT,0.00013,0.0,2.49999,3.49999,0.0,0.0,1
立创封装_C86054,2,RECT,1.5174,0.0,1.635,2.69999,0.0,0.0,1
立创封装_C86054,1,RECT,-1.5174,0.0,1.635,2.69999,0.0,0.0,1
立创封装_C9409,1,RECT,1.23507,0.94996,1.07,0.6,0.0,0.0,1
立创封装_C9409,2,RECT,1.23507,-0.94996,1.07,0.6,0.0,0.0,1
立创封装_C9409,3,RECT,-1.23508,0.0,1.07,0.6,0.0,0.0,1
立创封装_C96346,1,RECT,-0.96622,0.0,1.13254,1.37701,0.0,0.0,1
立创封装_C96346,2,RECT,0.96622,0.0,1.13254,1.37701,0.0,0.0,1
立创封装_C99556,2,RECT,0.75336,0.0,0.80648,0.86401,0.0,0.0,1
立创封装_C99556,1,RECT,-0.75336,0.0,0.80648,0.86401,0.0,0.0,1
项目封装_Coilcraft_MSS1210H,1,RECT,0.0,-4.75,5.5,3.0,0.0,0.0,1
项目封装_Coilcraft_MSS1210H,2,RECT,0.0,4.75,5.5,3.0,0.0,0.0,1
项目封装_Coilcraft_XAL7030_822,1,RECT,2.26,0.0,1.58,6.5,0.0,0.0,1
项目封装_Coilcraft_XAL7030_822,2,RECT,-2.26,0.0,1.58,6.5,0.0,0.0,1
项目封装_DMP6023LE_原厂建议,1,RECT,-2.3,3.2,1.2,1.6,0.0,0.0,1
项目封装_DMP6023LE_原厂建议,2,RECT,0.0,3.2,1.2,1.6,0.0,0.0,1
项目封装_DMP6023LE_原厂建议,3,RECT,2.3,3.2,1.2,1.6,0.0,0.0,1
项目封装_DMP6023LE_原厂建议,2,RECT,0.0,-3.2,3.3,1.6,0.0,0.0,1
项目封装_ESX_H1_正极1_5毫米,1,RECT,0.0,0.0,2.0,2.0,1.0,0.0,11
项目封装_ESX_H1_正极1_5毫米,2,ELLIPSE,5.0,0.0,2.0,2.0,1.0,0.0,11
项目封装_HiLink_URB_A3,1,RECT,-10.16,-2.54,3.5,3.5,2.0,0.0,11
项目封装_HiLink_URB_A3,2,ELLIPSE,-10.16,2.54,3.5,3.5,2.0,0.0,11
项目封装_HiLink_URB_A3,3,ELLIPSE,10.16,10.16,3.5,3.5,2.0,0.0,11
项目封装_HiLink_URB_A3,4,ELLIPSE,10.16,0.0,3.5,3.5,2.0,0.0,11
项目封装_HiLink_URB_A3,5,ELLIPSE,10.16,-10.16,3.5,3.5,2.0,0.0,11
项目封装_HiLink_URB_A3,6,ELLIPSE,-10.16,-10.16,3.5,3.5,2.0,0.0,11
项目封装_JST_VH_2针_3点96毫米,1,RECT,0.0,0.0,2.5,2.5,1.7,0.0,11
项目封装_JST_VH_2针_3点96毫米,2,ELLIPSE,3.96,0.0,2.5,2.5,1.7,0.0,11
项目封装_KEMET_C1210_C0G_B,1,RECT,-1.5,0.0,1.15,2.7,0.0,0.0,1
项目封装_KEMET_C1210_C0G_B,2,RECT,1.5,0.0,1.15,2.7,0.0,0.0,1
项目封装_LTC_G48_SSOP_0点5毫米,1,RECT,-3.375,-5.75,1.25,0.25,0.0,0.0,1
项目封装_LTC_G48_SSOP_0点5毫米,2,RECT,-3.375,-5.25,1.25,0.25,0.0,0.0,1
项目封装_LTC_G48_SSOP_0点5毫米,3,RECT,-3.375,-4.75,1.25,0.25,0.0,0.0,1
项目封装_LTC_G48_SSOP_0点5毫米,4,RECT,-3.375,-4.25,1.25,0.25,0.0,0.0,1
项目封装_LTC_G48_SSOP_0点5毫米,5,RECT,-3.375,-3.75,1.25,0.25,0.0,0.0,1
项目封装_LTC_G48_SSOP_0点5毫米,6,RECT,-3.375,-3.25,1.25,0.25,0.0,0.0,1
项目封装_LTC_G48_SSOP_0点5毫米,7,RECT,-3.375,-2.75,1.25,0.25,0.0,0.0,1
项目封装_LTC_G48_SSOP_0点5毫米,8,RECT,-3.375,-2.25,1.25,0.25,0.0,0.0,1
项目封装_LTC_G48_SSOP_0点5毫米,9,RECT,-3.375,-1.75,1.25,0.25,0.0,0.0,1
项目封装_LTC_G48_SSOP_0点5毫米,10,RECT,-3.375,-1.25,1.25,0.25,0.0,0.0,1
项目封装_LTC_G48_SSOP_0点5毫米,11,RECT,-3.375,-0.75,1.25,0.25,0.0,0.0,1
项目封装_LTC_G48_SSOP_0点5毫米,12,RECT,-3.375,-0.25,1.25,0.25,0.0,0.0,1
项目封装_LTC_G48_SSOP_0点5毫米,13,RECT,-3.375,0.25,1.25,0.25,0.0,0.0,1
项目封装_LTC_G48_SSOP_0点5毫米,14,RECT,-3.375,0.75,1.25,0.25,0.0,0.0,1
项目封装_LTC_G48_SSOP_0点5毫米,15,RECT,-3.375,1.25,1.25,0.25,0.0,0.0,1
项目封装_LTC_G48_SSOP_0点5毫米,16,RECT,-3.375,1.75,1.25,0.25,0.0,0.0,1
项目封装_LTC_G48_SSOP_0点5毫米,17,RECT,-3.375,2.25,1.25,0.25,0.0,0.0,1
项目封装_LTC_G48_SSOP_0点5毫米,18,RECT,-3.375,2.75,1.25,0.25,0.0,0.0,1
项目封装_LTC_G48_SSOP_0点5毫米,19,RECT,-3.375,3.25,1.25,0.25,0.0,0.0,1
项目封装_LTC_G48_SSOP_0点5毫米,20,RECT,-3.375,3.75,1.25,0.25,0.0,0.0,1
项目封装_LTC_G48_SSOP_0点5毫米,21,RECT,-3.375,4.25,1.25,0.25,0.0,0.0,1
项目封装_LTC_G48_SSOP_0点5毫米,22,RECT,-3.375,4.75,1.25,0.25,0.0,0.0,1
项目封装_LTC_G48_SSOP_0点5毫米,23,RECT,-3.375,5.25,1.25,0.25,0.0,0.0,1
项目封装_LTC_G48_SSOP_0点5毫米,24,RECT,-3.375,5.75,1.25,0.25,0.0,0.0,1
项目封装_LTC_G48_SSOP_0点5毫米,25,RECT,3.375,5.75,1.25,0.25,0.0,0.0,1
项目封装_LTC_G48_SSOP_0点5毫米,26,RECT,3.375,5.25,1.25,0.25,0.0,0.0,1
项目封装_LTC_G48_SSOP_0点5毫米,27,RECT,3.375,4.75,1.25,0.25,0.0,0.0,1
项目封装_LTC_G48_SSOP_0点5毫米,28,RECT,3.375,4.25,1.25,0.25,0.0,0.0,1
项目封装_LTC_G48_SSOP_0点5毫米,29,RECT,3.375,3.75,1.25,0.25,0.0,0.0,1
项目封装_LTC_G48_SSOP_0点5毫米,30,RECT,3.375,3.25,1.25,0.25,0.0,0.0,1
项目封装_LTC_G48_SSOP_0点5毫米,31,RECT,3.375,2.75,1.25,0.25,0.0,0.0,1
项目封装_LTC_G48_SSOP_0点5毫米,32,RECT,3.375,2.25,1.25,0.25,0.0,0.0,1
项目封装_LTC_G48_SSOP_0点5毫米,33,RECT,3.375,1.75,1.25,0.25,0.0,0.0,1
项目封装_LTC_G48_SSOP_0点5毫米,34,RECT,3.375,1.25,1.25,0.25,0.0,0.0,1
项目封装_LTC_G48_SSOP_0点5毫米,35,RECT,3.375,0.75,1.25,0.25,0.0,0.0,1
项目封装_LTC_G48_SSOP_0点5毫米,36,RECT,3.375,0.25,1.25,0.25,0.0,0.0,1
项目封装_LTC_G48_SSOP_0点5毫米,37,RECT,3.375,-0.25,1.25,0.25,0.0,0.0,1
项目封装_LTC_G48_SSOP_0点5毫米,38,RECT,3.375,-0.75,1.25,0.25,0.0,0.0,1
项目封装_LTC_G48_SSOP_0点5毫米,39,RECT,3.375,-1.25,1.25,0.25,0.0,0.0,1
项目封装_LTC_G48_SSOP_0点5毫米,40,RECT,3.375,-1.75,1.25,0.25,0.0,0.0,1
项目封装_LTC_G48_SSOP_0点5毫米,41,RECT,3.375,-2.25,1.25,0.25,0.0,0.0,1
项目封装_LTC_G48_SSOP_0点5毫米,42,RECT,3.375,-2.75,1.25,0.25,0.0,0.0,1
项目封装_LTC_G48_SSOP_0点5毫米,43,RECT,3.375,-3.25,1.25,0.25,0.0,0.0,1
项目封装_LTC_G48_SSOP_0点5毫米,44,RECT,3.375,-3.75,1.25,0.25,0.0,0.0,1
项目封装_LTC_G48_SSOP_0点5毫米,45,RECT,3.375,-4.25,1.25,0.25,0.0,0.0,1
项目封装_LTC_G48_SSOP_0点5毫米,46,RECT,3.375,-4.75,1.25,0.25,0.0,0.0,1
项目封装_LTC_G48_SSOP_0点5毫米,47,RECT,3.375,-5.25,1.25,0.25,0.0,0.0,1
项目封装_LTC_G48_SSOP_0点5毫米,48,RECT,3.375,-5.75,1.25,0.25,0.0,0.0,1
项目封装_PW_D10_P5,1,RECT,-2.5,0.0,1.8,1.8,1.0,0.0,11
项目封装_PW_D10_P5,2,ELLIPSE,2.5,0.0,1.8,1.8,1.0,0.0,11
项目封装_PW_D8_P3点5,1,RECT,-1.75,0.0,1.8,1.8,1.0,0.0,11
项目封装_PW_D8_P3点5,2,ELLIPSE,1.75,0.0,1.8,1.8,1.0,0.0,11
项目封装_Panasonic_EEUFC2A471_D16_P7.5,1,RECT,0.0,0.0,2.4,2.4,1.2,0.0,11
项目封装_Panasonic_EEUFC2A471_D16_P7.5,2,ELLIPSE,7.5,0.0,2.4,2.4,1.2,0.0,11
项目封装_Panasonic_EEUFR1J471_D12.5_P5,1,RECT,0.0,0.0,2.4,2.4,1.2,0.0,11
项目封装_Panasonic_EEUFR1J471_D12.5_P5,2,ELLIPSE,5.0,0.0,2.4,2.4,1.2,0.0,11
项目封装_RSF2WS_M_P15,1,ELLIPSE,-7.5,0.0,2.4,2.4,1.2,0.0,11
项目封装_RSF2WS_M_P15,2,ELLIPSE,7.5,0.0,2.4,2.4,1.2,0.0,11
项目封装_SN74LVC1G74_DCU8,1,RECT,-1.55,-0.75,0.85,0.3,0.0,0.0,1
项目封装_SN74LVC1G74_DCU8,2,RECT,-1.55,-0.25,0.85,0.3,0.0,0.0,1
项目封装_SN74LVC1G74_DCU8,3,RECT,-1.55,0.25,0.85,0.3,0.0,0.0,1
项目封装_SN74LVC1G74_DCU8,4,RECT,-1.55,0.75,0.85,0.3,0.0,0.0,1
项目封装_SN74LVC1G74_DCU8,5,RECT,1.55,0.75,0.85,0.3,0.0,0.0,1
项目封装_SN74LVC1G74_DCU8,6,RECT,1.55,0.25,0.85,0.3,0.0,0.0,1
项目封装_SN74LVC1G74_DCU8,7,RECT,1.55,-0.25,0.85,0.3,0.0,0.0,1
项目封装_SN74LVC1G74_DCU8,8,RECT,1.55,-0.75,0.85,0.3,0.0,0.0,1
项目封装_SRN4018,1,RECT,-1.525,0.0,1.5,3.6,0.0,0.0,1
项目封装_SRN4018,2,RECT,1.525,0.0,1.5,3.6,0.0,0.0,1
项目封装_TMR1_单输出_四引脚,1,RECT,0.0,0.0,2.0,2.0,1.2,0.0,11
项目封装_TMR1_单输出_四引脚,2,ELLIPSE,-2.54,0.0,2.0,2.0,1.2,0.0,11
项目封装_TMR1_单输出_四引脚,4,ELLIPSE,-7.62,0.0,2.0,2.0,1.2,0.0,11
项目封装_TMR1_单输出_四引脚,6,ELLIPSE,-12.7,0.0,2.0,2.0,1.2,0.0,11
项目封装_单向抑制二极管_SMC,1,RECT,-3.4,0.0,3.3,2.5,0.0,0.0,1
项目封装_单向抑制二极管_SMC,2,RECT,3.4,0.0,3.3,2.5,0.0,0.0,1
项目封装_四端采样电阻_CSS4J4026,1,RECT,-4.025,0.85,2.55,5.6,0.0,0.0,1
项目封装_四端采样电阻_CSS4J4026,2,RECT,4.025,0.85,2.55,5.6,0.0,0.0,1
项目封装_四端采样电阻_CSS4J4026,3,RECT,-4.025,-3.2,2.55,0.9,0.0,0.0,1
项目封装_四端采样电阻_CSS4J4026,4,RECT,4.025,-3.2,2.55,0.9,0.0,0.0,1
项目封装_核心板双排母座,1,RECT,0.0,0.0,1.7,1.7,1.0,0.0,11
项目封装_核心板双排母座,2,OVAL,-2.54,0.0,1.7,1.7,1.0,0.0,11
项目封装_核心板双排母座,3,OVAL,0.0,2.54,1.7,1.7,1.0,0.0,11
项目封装_核心板双排母座,4,OVAL,-2.54,2.54,1.7,1.7,1.0,0.0,11
项目封装_核心板双排母座,5,OVAL,0.0,5.08,1.7,1.7,1.0,0.0,11
项目封装_核心板双排母座,6,OVAL,-2.54,5.08,1.7,1.7,1.0,0.0,11
项目封装_核心板双排母座,7,OVAL,0.0,7.62,1.7,1.7,1.0,0.0,11
项目封装_核心板双排母座,8,OVAL,-2.54,7.62,1.7,1.7,1.0,0.0,11
项目封装_核心板双排母座,9,OVAL,0.0,10.16,1.7,1.7,1.0,0.0,11
项目封装_核心板双排母座,10,OVAL,-2.54,10.16,1.7,1.7,1.0,0.0,11
项目封装_核心板双排母座,11,OVAL,0.0,12.7,1.7,1.7,1.0,0.0,11
项目封装_核心板双排母座,12,OVAL,-2.54,12.7,1.7,1.7,1.0,0.0,11
项目封装_核心板双排母座,13,OVAL,0.0,15.24,1.7,1.7,1.0,0.0,11
项目封装_核心板双排母座,14,OVAL,-2.54,15.24,1.7,1.7,1.0,0.0,11
项目封装_核心板双排母座,15,OVAL,0.0,17.78,1.7,1.7,1.0,0.0,11
项目封装_核心板双排母座,16,OVAL,-2.54,17.78,1.7,1.7,1.0,0.0,11
项目封装_核心板双排母座,17,OVAL,0.0,20.32,1.7,1.7,1.0,0.0,11
项目封装_核心板双排母座,18,OVAL,-2.54,20.32,1.7,1.7,1.0,0.0,11
项目封装_核心板双排母座,19,OVAL,0.0,22.86,1.7,1.7,1.0,0.0,11
项目封装_核心板双排母座,20,OVAL,-2.54,22.86,1.7,1.7,1.0,0.0,11
项目封装_核心板双排母座,21,OVAL,0.0,25.4,1.7,1.7,1.0,0.0,11
项目封装_核心板双排母座,22,OVAL,-2.54,25.4,1.7,1.7,1.0,0.0,11
项目封装_核心板双排母座,23,OVAL,0.0,27.94,1.7,1.7,1.0,0.0,11
项目封装_核心板双排母座,24,OVAL,-2.54,27.94,1.7,1.7,1.0,0.0,11
项目封装_泄放电阻_15点24毫米,1,RECT,0.0,0.0,2.4,2.4,1.2,0.0,11
项目封装_泄放电阻_15点24毫米,2,OVAL,15.24,0.0,2.4,2.4,1.2,0.0,11
项目封装_看门狗_DRB0008A,1,RECT,-1.4,-0.975,0.6,0.31,0.0,0.0,1
项目封装_看门狗_DRB0008A,2,RECT,-1.4,-0.325,0.6,0.31,0.0,0.0,1
项目封装_看门狗_DRB0008A,3,RECT,-1.4,0.325,0.6,0.31,0.0,0.0,1
项目封装_看门狗_DRB0008A,4,RECT,-1.4,0.975,0.6,0.31,0.0,0.0,1
项目封装_看门狗_DRB0008A,5,RECT,1.4,0.975,0.6,0.31,0.0,0.0,1
项目封装_看门狗_DRB0008A,6,RECT,1.4,0.325,0.6,0.31,0.0,0.0,1
项目封装_看门狗_DRB0008A,7,RECT,1.4,-0.325,0.6,0.31,0.0,0.0,1
项目封装_看门狗_DRB0008A,8,RECT,1.4,-0.975,0.6,0.31,0.0,0.0,1
项目封装_看门狗_DRB0008A,9,RECT,0.0,0.0,1.5,1.75,0.0,0.0,1
项目封装_续流二极管_TO220,1,RECT,0.0,0.0,1.905,2.0,1.1,0.0,11
项目封装_续流二极管_TO220,2,OVAL,2.54,0.0,1.905,2.0,1.1,0.0,11
项目封装_续流二极管_TO220,3,OVAL,5.08,0.0,1.905,2.0,1.1,0.0,11
项目封装_薄膜电容_27点5毫米,1,RECT,0.0,0.0,2.4,2.4,1.2,0.0,11
项目封装_薄膜电容_27点5毫米,2,OVAL,27.5,0.0,2.4,2.4,1.2,0.0,11
